id,name,age,city,join_date
1,Allison Hill,58,East Jill,2019-04-02
2,Stephanie Miller,19,Johnsonland,2021-01-31
3,Jonathan Johnson,33,Lake Debra,2020-07-03
4,Connie Lawrence,26,Port Lindachester,2019-02-24
5,Christopher Bernard,61,Curtisfurt,2024-02-12
6,Ryan Munoz,23,Lake Stephenville,2024-08-15
7,Jamie Arnold,45,Barbaraland,2018-05-11
8,Darren Roberts,19,Port Jesseville,2019-01-19
9,Jesse Flowers,31,West Michael,2020-08-10
10,Mia Sutton,50,New Cynthiaside,2024-10-01
11,Carla Gray,19,Lake Mark,2024-04-17
12,Amy Underwood,30,Richardland,2024-02-11
13,Tommy Walter,44,Jasonfort,2020-06-21
14,Thomas Ellis,46,Donaldside,2024-08-10
15,Nicole Patterson,35,Coxberg,2018-01-27
16,Ann Williams,66,East Courtneychester,2019-10-16
17,Janice Carlson,62,Riceside,2022-09-28
18,Alexandra Le,39,Kaylamouth,2021-02-12
19,Jeffrey Chavez,27,Teresaburgh,2020-05-31
20,Ashley Garrett,66,East Nathaniel,2021-10-10
21,Troy Nielsen,24,New Mariotown,2019-01-15
22,Jack Galloway,42,Johnbury,2019-02-01
23,Theresa Miller,40,Cabreraside,2021-11-09
24,Betty Alvarez,56,West Allison,2020-12-19
25,Tracey Hickman,69,Lake Larry,2018-06-27
26,Marie Kim DDS,64,East Jeffreymouth,2023-02-25
27,Julian Chapman,52,North Jeanton,2019-05-27
28,Taylor Heath,42,New Johnfort,2018-11-19
29,Carlos Walls,53,Sanchezfort,2021-04-15
30,Cheryl Davis,58,Gomezchester,2024-12-08
31,Nicholas Nunez,41,North Richardmouth,2024-06-22
32,Ashley Lee,30,Taylorburgh,2018-10-12
33,David Leblanc,20,Mortonside,2020-07-22
34,Matthew Fernandez,67,North Sarabury,2021-03-31
35,John Lewis,23,Barreraburgh,2020-08-11
36,William Baker,24,Mitchellside,2022-04-06
37,Katelyn Lee,35,North Beth,2023-02-01
38,Nicole Brown,58,Shawhaven,2022-02-03
39,Tyler Miller,28,North Brooke,2022-02-25
40,Cynthia Wilson,40,New Brooke,2020-05-08
41,Jennifer Silva,60,Sarahborough,2020-12-29
42,Emily Baker,62,Lake Debbie,2018-10-20
43,Timothy Walls,56,South Christineshire,2019-12-02
44,Angel Lewis MD,52,Nicolebury,2020-09-29
45,Christopher Bass,28,Cherylhaven,2023-03-09
46,Robert Evans,42,East Josephville,2021-01-10
47,Brittney Campbell,58,Lake Matthew,2024-03-31
48,Sarah Wagner,32,Rebeccaton,2021-08-21
49,Jeff Hill,67,West Kellieview,2018-08-18
50,Jeremy Thornton,32,North Charlesberg,2018-05-12
51,Sandra Aguilar,69,South David,2021-07-16
52,Steven Flynn,43,West Jasonbury,2021-01-01
53,Heather Castro,22,Dicksonberg,2020-05-14
54,Cynthia Martin,54,South Angel,2021-07-12
55,Evelyn Galvan,31,West Erik,2023-08-07
56,Janet Williams,43,Walkermouth,2023-02-23
57,Robert Savage,27,North Donna,2020-12-20
58,Donald Jones,26,Michaelhaven,2020-10-07
59,William Herrera,65,North Natalieview,2024-04-18
60,Victor Baker,52,New Ryanmouth,2020-12-12
61,William Wilson,65,West Bradley,2024-07-22
62,Joseph Drake,45,West Ryan,2024-07-18
63,Tammie Hanson,43,Lake Rachelhaven,2022-01-22
64,Jason Powell,32,Angelaborough,2019-07-21
65,Todd Byrd,50,New Ashley,2023-07-15
66,Roy Torres,23,South Kristi,2018-07-12
67,Erica Ramos,25,New Thomas,2019-09-19
68,Rebecca Jackson,58,West Zacharymouth,2019-10-18
69,Trevor Young,68,Jeffreyborough,2022-09-26
70,Angel Riggs,56,South Robertshire,2018-09-18
71,Michael Snyder,42,East Diana,2022-04-13
72,Paul Carrillo,56,Port Ronaldburgh,2023-04-02
73,Melissa Marshall,51,Port David,2020-10-26
74,John Schmidt,53,Stephaniemouth,2018-02-17
75,Michelle Wagner,61,Merrittfort,2019-04-15
76,Paul Larsen,61,Katiehaven,2024-01-09
77,Mr. Jeremiah Reeves,66,West Matthew,2020-12-28
78,Angela Hernandez,67,Bensonborough,2021-10-25
79,Jason Daniels,25,Brownchester,2021-04-17
80,Randy Shah,45,Port Nicoleshire,2019-10-10
81,Aaron Bell,47,Castanedachester,2018-01-14
82,Morgan Marsh,64,South Jeffrey,2020-12-14
83,Allen Rogers,50,Ramseymouth,2020-01-02
84,Veronica Ferguson,50,Vargastown,2019-03-12
85,Jeffrey Camacho,58,North Jorge,2021-05-07
86,Jesse Rogers,58,Ramirezchester,2023-09-11
87,Bradley Smith,56,West Jeffreyland,2020-03-25
88,Marissa Webster,27,East Mary,2022-03-12
89,Cynthia Wells,66,New Staciemouth,2019-10-24
90,Pamela Jackson,52,Port Loriport,2023-12-13
91,Alexander Collins,18,Sandersborough,2024-09-19
92,Michael Burton,38,Lake Kendraville,2023-06-25
93,Kylie Williams,19,Stanleyland,2019-04-04
94,Gloria Atkinson,41,Garciastad,2021-06-13
95,Sandra Zimmerman,33,Thompsonhaven,2018-08-26
96,Debra Morton,33,Marshallshire,2024-05-12
97,Samuel Rivas,23,West Nicolebury,2018-12-17
98,Laura Barnett,64,Anthonymouth,2023-06-14
99,Daniel Salinas,70,Joshuaview,2018-10-11
100,Kellie Lee,66,Lake Richard,2023-12-22
101,Cynthia Alvarez,67,Westtown,2019-05-31
102,Daniel Holt,26,Elizabethstad,2023-05-01
103,Joseph Coleman,53,Michaelmouth,2019-11-08
104,David Martinez,34,West David,2023-12-02
105,Pamela Lopez,56,Lake Todd,2022-09-30
106,Vanessa Warren,31,Tinaborough,2024-01-18
107,Isaac Turner,66,West Brandon,2020-04-03
108,Edgar Raymond,63,Garciatown,2021-06-30
109,Julie Alexander,43,North Johnny,2022-03-10
110,Ashley Jones,46,Joneston,2023-10-21
111,Robert Avery,46,East Davidchester,2019-05-11
112,Rachel Perez,33,Hayesmouth,2020-07-09
113,Kevin Patterson,22,New Susanville,2021-10-16
114,Christine Clark,19,East Johnside,2024-08-06
115,Aaron Hayes,53,Carterbury,2020-07-31
116,Douglas Heath,55,Lake Jesusview,2020-06-21
117,Lori Guerrero,18,South Danny,2018-10-18
118,Chase Baker,63,North Brian,2018-08-30
119,Linda Holloway,32,Scottmouth,2018-10-04
120,Melissa Bender,20,Kimton,2021-09-15
121,Morgan Munoz,22,North Jeremyshire,2023-10-07
122,Alicia Hubbard,33,Barbaraburgh,2021-02-14
123,Matthew Moon,60,New Ryan,2023-06-12
124,Tracy Harrison,31,Cookville,2024-01-18
125,Erin Steele,26,Elainefurt,2024-05-27
126,Krista Gibson,54,Johnnyville,2023-04-21
127,Jennifer Robertson,33,Lake Mollymouth,2023-04-22
128,Cody Cox,69,Garrettton,2022-07-26
129,Joshua Pennington,30,Gilmorefort,2019-01-22
130,William Lynch,24,Lake Eric,2022-11-01
131,Kristen Davis,40,South Staceyberg,2022-10-01
132,Dr. Jordan Hill PhD,44,Sanchezside,2023-03-28
133,Connor Greene,64,Port Chad,2018-08-10
134,Sarah Morgan,61,Loriport,2019-02-08
135,Sara Carpenter,21,Grimesmouth,2022-07-08
136,Haley Arnold,64,Gibsonmouth,2021-10-21
137,Veronica Allen,69,Hallchester,2019-03-24
138,Patrick Thornton,33,Hughesberg,2020-02-24
139,Andrew Shaw MD,30,Port Meganville,2024-01-06
140,Joyce Bowen,46,Pittsberg,2019-07-29
141,Richard Baker,45,Santosmouth,2020-01-22
142,Shannon James,35,Courtneyfort,2023-03-10
143,Amanda Jones,33,Wendyland,2018-11-05
144,Brett Schultz,46,South Garrettport,2024-03-04
145,Amber Flynn,24,Michaelchester,2018-07-27
146,Joseph Knight,59,East Gregory,2024-01-24
147,Janet Vega,18,Durhamberg,2019-01-18
148,Mark Stevens,66,Port Stevenport,2020-08-26
149,Brooke Alexander,28,Vanessaport,2022-07-23
150,Jessica Wright,49,Jamesfurt,2023-05-26
151,Ashley James,31,Baileyport,2022-07-01
152,Ronald Foster,21,New Michelleton,2019-11-06
153,Natasha Wall,42,Kimberlybury,2018-01-09
154,Heather Fields,42,Ericaberg,2020-12-22
155,Stephanie Lucas,68,Kristinaton,2023-02-07
156,Morgan Davis,36,Markchester,2022-09-29
157,Carlos Ryan,62,Alyssaview,2024-03-26
158,Dawn Summers,60,Coffeyport,2023-06-17
159,Gina Wilson,27,East Karenbury,2020-02-17
160,Misty Whitney,36,Christopherfurt,2020-06-10
161,Joshua Gibson,21,Brendastad,2024-06-30
162,David Johnson,65,Rosebury,2024-01-30
163,Madison Marshall,21,Debraville,2021-07-08
164,Tracy Torres,21,Wilsonbury,2018-07-25
165,Brandy Chavez,55,Matthewsberg,2023-05-07
166,Mary Bass,50,Crosbyview,2023-12-16
167,Jacob Ramos,28,Port Michael,2018-08-21
168,Mrs. Stephanie Newman,50,South Joshuaville,2018-11-25
169,Samantha Davis,29,Lake Danielle,2018-10-08
170,Amber Cook,56,Port Anne,2018-10-06
171,Phillip Clark,61,Port Molly,2020-08-21
172,Charles Lester,43,West Micheleberg,2019-05-07
173,Ms. Rebecca Rodriguez,54,East Alexisbury,2020-10-05
174,Alexis Baker,55,Lake Robert,2024-09-01
175,Arthur West,20,Williamville,2024-12-11
176,Daniel Gilbert,23,Stephentown,2022-09-14
177,John Morales,60,South Jennifermouth,2024-07-18
178,Bobby Franklin,54,East Joshuashire,2023-11-12
179,Erika Vang,38,Shawnchester,2020-12-04
180,Michael Farrell,31,South Shannon,2021-07-10
181,Gerald Chavez,33,Blairmouth,2020-12-23
182,Maurice Brooks,43,Lake Sandra,2019-06-21
183,Ronald Davis,60,Lake Joanneberg,2021-05-13
184,Laurie Hoffman,47,Elizabethchester,2021-07-19
185,Maurice Christensen,66,West Carolinestad,2018-10-25
186,Jordan Moore,18,Walkerville,2023-02-21
187,Justin Wilson,57,Audreychester,2024-04-25
188,Vanessa Cardenas,24,New Sarahview,2018-10-28
189,Donald Farmer,52,Michaelburgh,2020-05-23
190,Kylie Morales,50,Lake Cynthia,2020-12-22
191,Paul Lewis,26,Chavezburgh,2021-11-30
192,Nathan Frank,22,North Ericton,2020-09-27
193,Denise Stanley,41,Lawsonchester,2021-03-13
194,Paul Wilson,28,Rodriguezshire,2022-11-30
195,Mr. Andrew Foster,52,North Jamesborough,2021-05-24
196,Pamela Roberts,57,North Tylerchester,2023-12-07
197,James Padilla,18,Charleston,2024-03-21
198,Joe Miller,37,Barbarashire,2019-03-01
199,Mark Roberts,26,Smithmouth,2020-12-19
200,Travis Stevens,25,Christopherville,2019-03-15
201,Kevin Warren,65,Harrellmouth,2024-03-16
202,Richard Jones,27,New Williamstad,2021-01-20
203,Tyler Brewer,36,East Curtis,2024-10-13
204,Christopher Hernandez,31,East Stephaniefort,2021-11-05
205,Justin Riley,31,Michellemouth,2020-12-17
206,Barry Ramos,50,Laurashire,2023-06-25
207,Jordan Collins,34,Johnsonstad,2018-07-28
208,Angela Lin,23,New Brookefurt,2022-10-01
209,Julian Conner,35,South Reginashire,2018-06-30
210,Erica Alvarez,18,North Shannon,2021-09-28
211,Sara Haas,67,New Debbieton,2019-06-20
212,Jeffrey Gonzales,58,West Nathan,2020-12-08
213,Jason Morgan,28,Port Crystalmouth,2022-12-15
214,Brandon Gregory,53,Johnathanberg,2022-10-18
215,Kevin Thomas,53,Kylefurt,2018-02-09
216,Michael Miller,25,Schneidermouth,2018-11-05
217,Meagan Calderon,62,Lake Ellenhaven,2019-09-03
218,Jack White,52,West Stacey,2018-05-28
219,Mr. Chad Jones,41,New Kellihaven,2024-07-13
220,George Miranda,53,New Nicholas,2019-08-30
221,Ronald Wise,45,Lake Samuel,2019-06-07
222,Michael Young,20,Bishopmouth,2021-06-16
223,David Sheppard,41,Mckeeborough,2018-06-13
224,Travis Joyce,40,Hammondfurt,2020-05-10
225,Jennifer Martin,61,Port Cassandra,2020-10-19
226,Amy Castillo,60,Angelaville,2019-02-26
227,Kelli Martinez,40,Port Ethanmouth,2024-04-12
228,Brittany Kim,44,Port Shannon,2024-12-17
229,Alexander Brown,65,Joeland,2019-09-26
230,Alfred Galvan,33,Laceyberg,2019-10-28
231,Thomas Kennedy,69,Port Janice,2019-12-27
232,Aaron Miller,44,Jasonberg,2018-04-12
233,Monica Rose,29,Port Keithport,2021-09-22
234,David Fowler,68,Brownfort,2022-08-14
235,Alexis Robertson,69,Lake Douglas,2020-10-13
236,Lucas Allen,35,Lopezland,2019-10-15
237,Heather Ashley,68,South Morganton,2019-03-19
238,Veronica King,42,West Kristinastad,2018-06-08
239,Matthew Garcia,48,Dennisstad,2020-06-30
240,Robin Thompson,30,Pollardfort,2023-03-01
241,Robin Brown,40,Johnsonborough,2021-06-04
242,Curtis Williams,70,Zacharyside,2020-07-21
243,Andrew Lucas,32,Michaelton,2018-04-07
244,Evelyn Martinez,60,Samuelfurt,2020-03-02
245,Stephanie Hughes,43,South Heather,2021-09-06
246,Robert Adams,35,Lake Rogerchester,2018-10-12
247,Samantha Gardner,67,Curtismouth,2021-02-17
248,Elizabeth Morrison,40,Jacksonmouth,2023-09-18
249,Andrew Berg,43,Christinachester,2024-01-06
250,William Gould,39,Lake Danastad,2018-04-24
251,Nicole Moore,25,East Melindamouth,2020-12-05
252,Austin Osborne,29,Michaelshire,2024-07-06
253,Christian Cole,34,Nathanland,2018-06-06
254,Kendra Sanders,24,Johnville,2024-09-09
255,Cody Holmes,45,West Kimberlymouth,2021-11-16
256,Logan Benson,64,Gonzalezberg,2021-07-08
257,Jodi Roach,45,Osbornmouth,2024-10-19
258,Michelle Pierce,50,Patriciaburgh,2019-04-19
259,Tammy Little,42,Williamville,2024-06-19
260,Dr. Cynthia Snyder,30,Angelastad,2020-11-09
261,William Anderson,20,North Kylefort,2022-11-22
262,Patricia Morrow,18,East Teresaland,2023-10-31
263,Michael Cooper,69,Port Tammy,2024-01-15
264,Thomas Brown,61,New Ericburgh,2020-03-18
265,Timothy Perez,41,Meghanview,2022-11-02
266,Tyler Hill,22,Christinaland,2021-09-14
267,Caroline David,57,East Donna,2021-07-09
268,Lisa Kirby,60,Port Michelleland,2019-05-26
269,Martin Ray,64,Port Ashley,2021-05-15
270,Amanda Small,50,Dawnport,2021-06-20
271,Dr. Michael Evans,60,Lake Brianmouth,2022-07-31
272,John Peterson,38,West Michelle,2022-07-07
273,William Reed,62,Andersonstad,2021-04-26
274,Ashley Allen,53,West Shannonberg,2019-06-06
275,Dylan Cruz,30,Wrightburgh,2022-09-19
276,Taylor Griffith,60,Port Erik,2022-04-02
277,Julie Koch DDS,61,South Williambury,2019-12-14
278,Harry Williams,57,Harperfort,2024-05-20
279,Adam Rodriguez,37,West Jessica,2022-07-22
280,Holly Morales,53,West Angela,2018-01-02
281,Jonathan Duran,37,Marciaville,2021-03-21
282,Brent Brooks,31,Angelastad,2022-10-27
283,Christina Hicks,68,North Benjaminmouth,2024-07-03
284,Kelly Hernandez,56,West Sarah,2021-08-12
285,James Jensen,47,Brittneyhaven,2022-12-15
286,Kim Erickson,46,Thomastown,2020-05-25
287,Michael Whitney,50,Lauratown,2023-04-23
288,Deborah Rios,68,Lake Brett,2019-11-27
289,Mr. Nathan Hampton,60,Hernandezbury,2018-12-14
290,Travis Rodriguez,36,South Leeberg,2023-10-13
291,Damon Shaw,60,Salaston,2024-12-11
292,Kelly Hoffman,39,Foxmouth,2019-01-18
293,Julia Patel,70,Ericaview,2020-08-20
294,Cheryl Wright,61,Jeffreyport,2021-06-25
295,Michele Vaughn,32,Stewartstad,2020-03-26
296,Taylor Griffith,27,Davidside,2018-04-11
297,William Cardenas,20,West Bobby,2020-09-29
298,Angela Bradshaw,48,Julieborough,2024-11-08
299,Joshua Fitzpatrick,67,Derrickshire,2018-10-26
300,Anthony Stein,47,Lake Jesse,2022-08-25
301,Gary Kennedy,58,North Tamara,2024-06-15
302,Brooke Delgado,30,Woodsborough,2022-04-22
303,Donna Mitchell,49,Port Christophershire,2022-06-25
304,Parker Jefferson,33,East Robertburgh,2019-08-28
305,Amanda Huff,59,Lopezport,2018-01-23
306,Alexandra Bradley,66,West Justinside,2019-03-13
307,Stacy Anderson,67,Nelsonville,2022-10-08
308,Nicholas Wong,32,North Jill,2019-12-22
309,Laura Todd,69,New Melissa,2023-10-23
310,Samantha Robertson,47,South Elizabethburgh,2018-07-25
311,Mrs. Taylor Smith,53,Youngview,2020-10-17
312,Elizabeth Sharp,25,West Desireebury,2023-02-13
313,Bryan Parker,26,Parksport,2023-03-19
314,Margaret Shepard,60,Christinabury,2023-12-16
315,Karen Gibson,53,Robertside,2024-09-04
316,Nicole Pham,38,Port John,2022-12-18
317,Shelley Miller,57,Ricestad,2023-08-30
318,Justin Brown,45,New Amanda,2024-02-23
319,Scott Ramos,46,Lake Brandy,2019-10-14
320,Jordan Stokes,65,Andersonchester,2023-04-29
321,Anthony Ford,46,Jenniferfurt,2020-11-27
322,Aaron Robinson,66,North Rodneyland,2020-10-09
323,Amy Shannon,58,Johnsonchester,2021-02-09
324,Chad May,67,Brooksfurt,2023-11-06
325,Thomas Bennett,49,Lake Tamaraside,2020-09-06
326,Scott Wilson,35,Ricebury,2022-12-07
327,Nicole Good,22,Nunezside,2021-03-16
328,James Hall,33,Reedview,2021-01-17
329,Shaun Cannon,39,Port Donnatown,2021-08-02
330,Austin Wheeler,52,Harperton,2018-11-27
331,Andrew Gonzales,26,Port Michelle,2019-09-10
332,Jonathan Roberts,32,Barbaramouth,2022-04-18
333,Shawn Odom,62,South Kevin,2019-09-18
334,Travis Hobbs,63,Lake Erika,2020-05-26
335,Amber Cooper,22,Floydmouth,2022-08-27
336,Jennifer Evans,44,Port Amanda,2021-09-17
337,Darin Mathews,52,Port Steven,2023-03-24
338,Jason Butler,44,South John,2018-09-13
339,Matthew Nielsen,31,Christopherborough,2022-09-17
340,James Jacobs,42,Port Charlesshire,2024-07-20
341,Kristin Mendoza,62,Kevintown,2018-03-22
342,Colton Figueroa,66,Rochaborough,2024-06-16
343,David Morris,42,Oscarside,2023-05-08
344,Elizabeth Ward,18,Owensfort,2021-12-11
345,Erica Harris,37,Robertshire,2022-05-17
346,Natalie Smith,44,Phillipsborough,2024-01-14
347,James Whitaker,65,Piercemouth,2024-02-15
348,Roberto Levy,69,Murraystad,2024-10-06
349,Nathan Freeman,32,New Arthurland,2023-06-23
350,Mary Duran,32,Taylorbury,2021-01-22
351,Chris Robinson,45,Brooksfort,2023-06-13
352,Alexis Patel,19,Smithhaven,2022-05-12
353,Kimberly Mitchell,39,Drakeburgh,2022-07-15
354,Brent Hernandez,64,New Alisha,2019-11-08
355,Debra Sanders,47,Susanmouth,2019-06-07
356,Wanda Perez,57,Lake Victoriaton,2023-12-28
357,James Tran,19,Lake Albertburgh,2022-06-02
358,Ryan Newman,55,Arielville,2024-04-30
359,Tamara Hall,60,Nelsonland,2018-04-22
360,Diana Daniels,23,East Sarahmouth,2022-10-22
361,Daniel Thomas,26,Hickmanport,2023-03-07
362,David Davenport,29,Rhodesside,2018-07-25
363,Perry Taylor,34,New Juliestad,2022-04-02
364,Jeffrey Roberson,38,Cassiefurt,2020-05-16
365,Erin Walters,47,Henrystad,2021-08-31
366,Jaime Lopez,39,Millerport,2022-04-02
367,Michelle Miller,35,South Jennifer,2022-09-23
368,Nancy Stewart,34,North Adamport,2018-12-02
369,Philip Garcia,48,East Ryanside,2018-03-21
370,Jennifer Johnson,65,Angelamouth,2024-01-19
371,Alexandria Gutierrez,21,Lake Rachelbury,2021-12-04
372,Carolyn James,32,West Kevin,2018-10-09
373,Arthur Hamilton MD,67,Pattonstad,2018-06-14
374,David Weber,66,South Daniel,2018-05-08
375,Travis Cook,33,Brockmouth,2020-03-27
376,Jeffrey Colon,19,West Malik,2024-12-19
377,Christina Edwards,27,Novakport,2020-09-04
378,Mackenzie Faulkner,26,West Nicholas,2023-04-24
379,Jenna Wilson,60,New Wendy,2019-04-14
380,Randall Johnson,54,Hahnborough,2020-06-11
381,Eddie Schwartz,47,Chambersberg,2020-11-15
382,Dana Hopkins,67,Mccormickland,2022-02-19
383,Kyle Aguilar,28,Stephensstad,2024-10-17
384,Robin Wheeler,56,North Kaylastad,2019-04-15
385,Lonnie Hart,67,Rasmussenmouth,2019-11-02
386,Jessica Smith,37,Jeffreyhaven,2019-03-19
387,Melissa Walker,55,Petershire,2018-04-16
388,Brittany Cuevas,37,Garciachester,2024-06-16
389,Angelica Guerra,61,West Larry,2022-03-18
390,Daniel Webb,43,Davismouth,2020-03-23
391,Eric Patrick,22,North Melindaville,2024-08-22
392,Carly Riggs,62,New Greg,2020-09-21
393,Justin Mullen,24,Port Richard,2021-05-20
394,Martin Reynolds,61,Lake Christinaborough,2024-09-25
395,Jeffrey Smith,69,East Joshua,2019-05-11
396,Rebecca Ray,68,West Mark,2024-05-07
397,Dennis Huffman,68,Candicefurt,2018-06-18
398,Hannah Bruce,40,Port Emily,2023-12-23
399,Tamara Lawrence,45,West David,2022-02-26
400,Clayton Steele,22,Barnesberg,2023-09-04
401,Jenny Tucker,59,New Garrett,2021-10-29
402,Cody Wilkinson,18,Port Michaeltown,2022-09-17
403,Mr. James Hoffman,70,Ortizfort,2023-07-01
404,Ryan Burns,24,New Anthonybury,2022-11-11
405,Donald Medina,41,Port Stephen,2023-02-27
406,Pamela Dunn,63,New Dannyside,2019-09-19
407,Holly Carson,45,Port Jenniferside,2019-12-23
408,Jeffery Fitzgerald,64,West Nancy,2023-11-08
409,Dennis Atkins,59,South Michelleville,2021-01-11
410,Cynthia Cochran,57,Michellechester,2024-01-14
411,Charles Clark,67,Port Brian,2023-06-04
412,Douglas Ryan,47,Tiffanyport,2022-11-20
413,Derek Hodge,70,East Sydneychester,2024-08-23
414,Wendy Camacho,35,Lake Michelle,2021-08-13
415,Michael Poole,33,Burnsshire,2018-12-21
416,Lori Brooks,35,Lake Lauraland,2023-01-21
417,Paul Neal,33,Shawnfort,2023-03-19
418,Aaron Schroeder,54,Lake Teresastad,2024-11-04
419,Rebecca Sanders,60,Summersfort,2022-04-02
420,Ronald Morgan,39,New Melissa,2018-04-28
421,Stephanie Farmer,49,North Conniemouth,2021-08-24
422,Timothy Moore,29,Smithchester,2023-06-21
423,Michael Anderson,31,Erikview,2021-12-24
424,Isaac Miller,69,North Randy,2020-11-24
425,Michael Young,39,Lake Codyborough,2021-02-19
426,Casey Perez,56,Smithmouth,2021-02-05
427,Virginia Henderson,53,South Chad,2018-02-11
428,Nicholas Garcia,51,Michaelport,2020-02-22
429,Raymond Mullins,23,Lake Victoria,2020-09-15
430,Joseph Smith,64,South Michael,2022-07-23
431,Paul Gillespie,49,Heathland,2024-03-24
432,Brenda Martinez,66,Bellchester,2020-09-11
433,Charles Hill,62,East Angelaport,2023-05-05
434,Melissa Abbott,59,Jamiehaven,2023-07-04
435,James Lucas,46,South Paul,2018-03-12
436,Mark Jones,23,West Sarahberg,2021-04-20
437,Ryan Fisher,32,Port Thomas,2022-07-15
438,Mrs. Laurie Smith,62,North Sandra,2020-09-23
439,Jennifer Mitchell,37,Hendersonfurt,2024-07-10
440,Joshua Jensen,41,Christopherland,2023-04-23
441,Christina Morton,53,Peterland,2023-12-15
442,Jeffrey Ashley,40,North John,2022-10-09
443,Audrey Salazar,65,West Elizabethburgh,2024-03-04
444,Michael Miles,39,South Stephanie,2021-12-12
445,Rachel Le,62,West David,2023-02-02
446,Debra Tanner,35,West Lindsayview,2021-06-09
447,Deborah Proctor,34,South Spencerstad,2020-08-02
448,Scott Jackson,25,West Kerri,2020-02-28
449,Megan Wilson,38,North Micheletown,2019-05-05
450,John Reyes,65,East Sarah,2024-01-04
451,Kristen Sloan,66,Walkerbury,2020-01-29
452,Nathan Nelson,30,New Nathanhaven,2020-06-05
453,Amy Walker,65,South Caseymouth,2023-06-07
454,Patricia Collins,35,New Stephenstad,2024-08-11
455,Justin Torres,66,South Micheal,2023-11-19
456,Yolanda Parsons,56,East Adam,2021-03-05
457,David Reed,24,West Aaronfurt,2020-03-06
458,Monica Garcia,36,South Travis,2020-07-20
459,Zachary Dawson,41,North Samanthahaven,2020-01-05
460,Steven Ellis,37,New Codyberg,2018-02-27
461,Jennifer Vargas,63,South Elaineberg,2023-12-28
462,Dean Edwards,26,Haynesmouth,2021-01-28
463,Dillon Jones,20,East Kimberly,2018-08-12
464,Brittney Martin,53,Edwardsville,2021-04-11
465,Traci Clark,62,Stevenville,2019-06-02
466,Robert Torres,58,East Marymouth,2023-07-04
467,Michael Schmitt,24,Palmerport,2018-02-20
468,William Johnson,54,Bondside,2021-03-10
469,Danielle Murray,48,North Alexander,2023-05-15
470,Vickie Anderson,46,Watsonland,2021-10-27
471,Deanna Hess,29,North Jamesmouth,2018-07-30
472,Anna Boone,34,Davidmouth,2023-05-11
473,Thomas Hamilton,25,Crawfordfurt,2018-09-25
474,Carrie Lewis,43,West Joshua,2023-07-08
475,Amanda Harvey,22,Lake Kenneth,2024-06-21
476,Juan Brown,58,Patrickchester,2018-08-08
477,Stephen Fox,27,South Kimberlystad,2019-09-04
478,Richard Cooper,69,Paulburgh,2024-04-24
479,Kyle Johnson,37,Brianfort,2018-12-15
480,Pamela Key,33,North John,2019-05-01
481,Joseph Moody,53,Port Wendybury,2022-09-01
482,Vickie Price,56,East Joel,2024-09-07
483,Oscar Howard,68,Lake Jackieshire,2024-12-08
484,Kristine Lopez,32,Weaverburgh,2023-11-11
485,Brandon Hall II,42,Smithborough,2023-01-20
486,Gina Thompson,46,Brianberg,2021-05-02
487,Sylvia Schroeder,55,Susanstad,2022-10-23
488,Mary Willis,37,Kevinberg,2024-05-18
489,Morgan Kim,57,Banksburgh,2018-09-04
490,Kristina Preston,57,Jeffreyshire,2019-02-11
491,Jamie Gross,66,Davidtown,2020-05-01
492,Tiffany Myers,58,East Carriebury,2020-05-14
493,Ashley Crawford,34,Juliebury,2018-11-29
494,Francisco Fields,28,Port Jennamouth,2020-09-09
495,Derek Wright,29,West Jonathanville,2024-03-10
496,Amber Kim,22,Costachester,2019-10-04
497,James Payne Jr.,18,Kramershire,2022-08-01
498,Melissa Martin,46,Port Meganport,2024-08-29
499,Dean Garcia,48,Georgefurt,2021-04-07
500,Benjamin Mcmahon,20,West Brookefort,2020-08-06
501,Jessica Valdez,36,Mooreville,2021-03-04
502,William Ortiz,62,Donnaport,2023-02-03
503,Anthony Armstrong,22,Hernandezstad,2020-08-14
504,Brandon Colon,34,Gonzaleztown,2024-08-12
505,Mark Rowland,60,Anthonyport,2020-03-21
506,Kaitlin Jacobson,45,Christopherside,2019-04-16
507,Jacob James,52,South Bradley,2020-07-09
508,Dennis Hood,59,East Karenville,2019-09-03
509,Gregg Weaver,35,New Bruce,2019-08-06
510,Joseph Sheppard,22,Armstrongbury,2018-09-02
511,Blake Orr,28,New Ashleyhaven,2021-06-13
512,Megan Oliver,56,Port Shaneburgh,2024-05-20
513,Rhonda Martinez,36,Millerchester,2022-12-04
514,Rodney Hernandez,25,Luisland,2023-04-04
515,Justin Arnold,62,Apriltown,2021-05-30
516,Lisa Mills,62,Rodriguezberg,2022-07-07
517,Kevin Chang,35,North Annaville,2023-08-12
518,Sharon Beard,52,Bakerfort,2023-07-16
519,Kara Jackson,46,Thomasfurt,2018-11-26
520,Steve Rivera,56,North Julie,2018-06-13
521,Stephanie Smith,45,Larryfort,2021-08-13
522,Melinda Compton,56,East Kevin,2020-10-22
523,Patricia Flores,19,Jacobsland,2019-01-10
524,Daniel Holloway,32,Malonestad,2024-06-14
525,Kaylee Moore,55,Jennafurt,2018-03-26
526,Samuel Suarez,66,East Jamesborough,2021-01-08
527,Danielle Bryant,54,Janetview,2018-06-14
528,John Sanders,66,Lake Anthonystad,2019-12-19
529,Jeremy Horne MD,48,Maxview,2023-10-27
530,Melissa Mitchell,59,Williamsshire,2022-12-17
531,Cindy Walker,35,Lake Jamie,2020-01-14
532,Kayla Hancock,55,South Rhondaburgh,2022-11-21
533,Alejandra King,58,Jenniferview,2023-07-08
534,James Bailey,23,Jefferyport,2023-04-10
535,Samantha Sanders,40,North Williamstad,2022-07-31
536,Linda Campbell,39,South Calebview,2021-08-08
537,Shannon Green,60,Jacobhaven,2019-03-05
538,Stephanie Trujillo,28,Guerreroberg,2021-09-12
539,Mary Bright,44,Rebeccafurt,2023-07-23
540,Andrew Erickson,36,West Jessica,2022-06-29
541,Joseph Glover,70,Williamburgh,2024-03-03
542,Sherri White,20,South Davidview,2023-02-06
543,Kristin Gaines,23,Destinybury,2021-07-12
544,Patrick Parker,34,Nathanshire,2021-08-17
545,Samuel Ruiz,25,South Pamelahaven,2022-07-14
546,Michael Moreno,50,Brownberg,2018-01-05
547,Curtis Ortiz,60,Thomasburgh,2024-02-01
548,Katherine Welch,47,West Cynthia,2022-08-20
549,Donald Juarez,21,New Kathy,2020-02-08
550,Phillip Miller DDS,51,Powellfort,2022-01-21
551,Andrew Gonzalez,57,Stephaniemouth,2023-08-04
552,Kiara Smith,58,Lake Jessicabury,2022-12-16
553,Haley Anderson,66,Gordonport,2018-07-31
554,Rodney Evans,31,Stephenhaven,2020-12-29
555,Gail Barron,53,West Wendy,2019-06-21
556,Paul Martin DVM,36,Smithbury,2022-11-30
557,Bonnie Gross,62,North Michael,2023-06-09
558,Amanda Mcdowell,25,Kelseyton,2018-04-29
559,Amber Rodriguez,58,North Hannahchester,2024-10-29
560,Caleb King,69,East Heather,2020-09-07
561,Elizabeth Stanley,63,Cindyberg,2019-10-11
562,Steven Hunt,37,West Danielville,2024-03-06
563,Mr. Richard Decker DVM,18,Jadeport,2024-03-12
564,Joshua Lozano,44,Riveratown,2019-01-17
565,Brandon Rodriguez,32,Hernandezland,2019-04-10
566,Angela Cummings,47,Dawnmouth,2019-04-27
567,Elizabeth Marshall MD,59,Port Benjamin,2019-09-23
568,Robert Edwards,49,North Melissaton,2021-04-10
569,Charles Holland,50,Michaelmouth,2021-01-24
570,Debra Quinn,44,Lisaburgh,2023-05-31
571,James Bryant,48,Vaughnfort,2020-09-25
572,Mariah Robles,47,East Heatherton,2024-03-07
573,Dr. Ashley Pruitt,27,Phammouth,2022-04-21
574,James Howard,30,Port Gabrielleberg,2024-09-21
575,Mr. Stephen Alexander,50,West Dianatown,2019-07-14
576,Megan Saunders,22,Lake Morgan,2021-02-05
577,Melissa Montgomery,67,Stanleybury,2022-08-27
578,Mr. Martin Hernandez,39,North Dawnburgh,2023-09-11
579,Julie Simpson,35,North Karen,2018-01-11
580,Gary Ramirez,36,New Dawn,2021-05-07
581,David Stevens,55,Millerfort,2024-07-03
582,Bryan Jimenez,60,North Richardton,2023-06-29
583,April Davis,27,Pamelaside,2023-01-04
584,Michael Clements,52,Marciabury,2023-06-07
585,Evelyn Saunders,40,Moranstad,2021-09-23
586,Ashley Malone,53,North Matthew,2024-02-04
587,Tracey Carter,42,Jacquelineton,2023-02-09
588,Katherine Underwood,38,Rodriguezborough,2020-02-12
589,Timothy Long,62,Summersborough,2020-09-05
590,Ashley Perry,54,Port Patriciamouth,2022-04-18
591,Tina Taylor,32,Smithton,2022-08-10
592,Jessica Richards,20,Lake Beth,2021-07-27
593,Betty Hughes,65,Williamfurt,2023-04-22
594,Lee Schwartz,63,West Raymond,2022-04-11
595,Edward Ballard,42,South Carrie,2019-09-16
596,Kayla Cameron,49,Jenniferside,2018-06-01
597,Christina Weber,26,Glendaberg,2023-08-20
598,Miss Tina Gordon,55,Jenniferstad,2021-09-21
599,Lauren Bender,24,Craigside,2022-12-09
600,Ryan Stokes,24,North Oscarton,2023-11-25
601,Christina Christensen,47,West Frances,2018-03-04
602,Antonio Mueller,64,Port Amber,2019-08-14
603,Jesse Jensen,44,Lake Deborah,2019-09-25
604,Jorge Robles,22,Heatherton,2023-04-08
605,Jasmine Frye,68,Tammyton,2020-12-21
606,David Oliver,39,Greerstad,2024-12-27
607,Kimberly Morrison,62,West Shane,2022-06-17
608,Mrs. Tonya Moss,59,South Billyview,2018-11-25
609,Beverly Silva,39,Adammouth,2023-12-26
610,Brittney Hernandez,42,Candiceport,2021-07-21
611,Kenneth Howard DDS,58,Aliciaburgh,2023-06-22
612,Rachel Moore,52,Davisbury,2018-05-28
613,Mary Rivera,57,Jefferyhaven,2018-10-08
614,Justin Goodwin,33,North Elizabethmouth,2021-03-23
615,Martin Sellers,32,North Felicia,2019-01-06
616,Thomas Landry,45,Scottport,2019-02-08
617,Jose Townsend,66,Tuckerport,2019-02-16
618,Cheryl Palmer,46,East Teresaside,2019-11-13
619,Lori Clark,62,Port Gina,2021-05-11
620,Christine Poole,19,Lucasland,2018-07-08
621,Brittany Stevens,38,Benjaminland,2018-08-18
622,Robert Grant,36,West Rickey,2022-01-08
623,Jared Stewart,41,Nunezside,2022-10-31
624,Nathan Brown,27,Lake Melaniestad,2020-09-27
625,Ashley Buchanan,51,Catherineport,2022-08-15
626,Jessica Foster,54,South Ericbury,2020-01-08
627,James Salinas,28,Susanberg,2019-12-19
628,Stephen Sanford,23,Susantown,2024-11-01
629,Kristen Martinez,42,New Candiceside,2024-12-13
630,Angela Clark,61,Jasonhaven,2020-09-13
631,Clinton Jensen,49,Jamesburgh,2024-07-16
632,Latoya Brown,27,Newmanland,2020-08-09
633,Austin Garcia,47,Lynnstad,2020-11-06
634,Matthew Garcia,47,East Louismouth,2020-11-11
635,Matthew Steele,60,New Ashley,2018-02-08
636,Tina Jackson,69,Johnbury,2023-03-21
637,Margaret Hill,36,Dennismouth,2024-02-17
638,Julie Howard,28,Tonyville,2018-10-30
639,Lawrence Wilkinson,46,New James,2021-11-16
640,Lori Luna,55,Port Williamtown,2021-05-10
641,Lauren Hammond,58,North Andrea,2022-10-04
642,Yvonne Kennedy,62,West Philip,2020-10-21
643,Leah Vincent,47,South Walter,2021-05-22
644,Jack Smith,30,Port Tamara,2022-04-25
645,Miss Nicole Taylor,48,East Ashley,2019-03-13
646,Shelby Thomas,33,Crosbyton,2022-04-12
647,John Brown,54,Jimborough,2022-01-10
648,Rebecca Hughes,54,Keithton,2021-04-26
649,Mrs. Michele Boyd,62,Maryview,2021-04-24
650,Laura Bennett,19,Diazland,2022-06-10
651,Jamie Solomon,35,Gomezstad,2018-02-03
652,Mr. Larry Shaw,54,South Gabriel,2018-07-20
653,Mason Lewis,56,East Michael,2023-07-28
654,Bailey Hall,36,Jenniferfort,2020-07-31
655,Karen Garza,56,Johnsonton,2021-12-14
656,Kevin Taylor,32,New Dylanburgh,2020-02-18
657,Christopher Mullen,57,Lake Jessicaport,2020-10-23
658,Claire Obrien,61,Dillonburgh,2019-07-15
659,Jason Thomas,58,New Donna,2019-02-02
660,Nathaniel Cooper,58,Carlsonland,2018-06-11
661,James Rodriguez,37,New Michele,2022-12-11
662,Jennifer Hernandez,20,East Thomaston,2024-07-01
663,Kim Goodwin,41,South Donnaside,2019-06-23
664,Stephanie Hampton,23,Boydstad,2021-04-23
665,Melissa Patterson,38,Clarkefurt,2022-08-29
666,Robert Velez,29,South Dennisfort,2020-04-02
667,Susan Miller,26,Scotttown,2024-01-19
668,Rachel Lane,41,New Adrianborough,2023-12-15
669,Emily Cox,50,South Denise,2021-01-21
670,Scott Henderson,28,Cherylfurt,2020-11-18
671,Jennifer Bowers,70,Whiteside,2023-05-28
672,Dawn Parker,69,Kimfurt,2021-04-23
673,Sarah Hopkins,65,South Krista,2021-10-19
674,Ariel Romero,69,Laurenton,2019-04-17
675,Vincent Smith,47,Port Dustinchester,2018-11-05
676,Dennis Wood,27,Lake Patrickfurt,2020-07-13
677,Kelly Dawson,61,Port Lorifort,2022-06-16
678,Dakota Sandoval,69,Jameshaven,2024-04-01
679,Crystal Jackson,41,West Johntown,2019-01-05
680,Angie Hill,68,Gomezfurt,2022-06-05
681,Curtis Smith,18,North Andreaside,2020-12-19
682,Hannah Richmond,52,Jeremyborough,2019-05-22
683,Jared Smith,47,South William,2022-02-18
684,Kathy Morgan,61,Port Williamview,2020-12-09
685,Robin Andrews,55,Churchshire,2022-04-10
686,Mr. Gerald Rowe,70,Mosleytown,2022-03-02
687,Mr. James Kramer,24,Lake Jacqueline,2020-08-15
688,Jennifer Gomez,48,Lake Marilynbury,2018-04-13
689,James Goodman,57,Charlesburgh,2024-04-18
690,Hayden Shannon,38,Ianborough,2024-11-03
691,Mr. Nicolas Salas II,32,Port John,2018-09-16
692,Brittney Rodriguez,58,Lake Stephaniefort,2023-03-17
693,Pamela Weaver,62,Port Timothymouth,2021-05-22
694,William Prince PhD,59,Whitehaven,2022-07-31
695,Daniel Ray,25,New Laurenfort,2019-07-27
696,Amanda Reed,20,South Tiffany,2018-06-02
697,Julia Norris,37,Lake Jasonshire,2023-07-11
698,Isaiah Hensley,25,New Jose,2019-02-03
699,Tyler Cooper,33,South Rodney,2024-01-11
700,Paul Diaz,26,Ramirezburgh,2022-05-11
701,Veronica Parks,47,Lake Josephbury,2022-02-28
702,Selena Gonzalez,60,South Linda,2024-01-22
703,Jonathan Cowan,44,Kristenport,2024-08-02
704,Scott Williams,65,Lake Frankborough,2019-09-25
705,Karen Soto,44,Garnerview,2019-02-10
706,Justin Frederick,49,Mauricechester,2024-11-26
707,Sean Mccarty,44,New Barbara,2021-02-19
708,Carrie Deleon,20,Markhaven,2022-02-26
709,Dr. Steve James,31,Stevenberg,2022-12-22
710,Margaret Mcfarland,46,Welchshire,2020-08-25
711,Terry Miller,41,Jeremymouth,2019-02-11
712,Michelle Jacobs,61,Nelsonmouth,2022-02-13
713,Teresa Adkins,52,Gutierrezburgh,2022-01-09
714,Beth Young,21,Shelbyland,2022-06-19
715,James Davis,35,Kelleytown,2020-02-17
716,Kelly Ferrell,25,West Christineland,2023-02-06
717,Stacey Parker,23,Lake Justin,2020-05-18
718,Bonnie Roberson,59,North Elizabethmouth,2024-09-11
719,Julie Pitts,19,Amyberg,2018-07-27
720,Melissa Thompson,68,Welchshire,2021-09-28
721,Mark Ferguson,33,Timothybury,2019-05-31
722,Jessica Diaz,68,Erictown,2024-05-01
723,Robert Charles,31,Justinside,2018-10-09
724,Thomas Arroyo,66,Evanschester,2024-03-20
725,Linda Robles,31,Jacobside,2024-07-29
726,David Espinoza,31,Claytonbury,2020-08-12
727,Jay Allen,39,Justinside,2019-08-28
728,Jennifer Castaneda,68,East Keith,2024-09-07
729,Lisa Nelson,18,Lopeztown,2021-02-09
730,Wayne Johnson,27,West Josephmouth,2019-06-17
731,Crystal Hernandez,52,Robinsonchester,2020-10-23
732,Robert Bolton,69,Terryton,2019-12-16
733,Ryan Lynn,25,West Kimberlyland,2018-04-16
734,Catherine Huang,26,Lisatown,2018-03-02
735,Randy Wright,40,Wrightton,2020-09-01
736,Nicolas Davis,55,South Paul,2021-08-19
737,Taylor Moore,19,Lake Sharonhaven,2019-12-15
738,John Evans,34,Paigeborough,2018-08-03
739,Cynthia Hamilton,26,East Laurashire,2022-09-21
740,Richard Smith,51,New Kristenfort,2019-04-11
741,Brittney Townsend,65,East Vincent,2018-09-18
742,Gina Booker,48,North Michaelberg,2023-01-11
743,Rebecca Martinez,67,West Tina,2022-01-22
744,Nicole Trujillo,50,Quinntown,2024-08-28
745,Heather Taylor,24,South Jasmineside,2023-01-26
746,Michael Lopez,50,New Michael,2020-06-26
747,Denise Guerra,57,North Amanda,2018-06-27
748,Robert Weaver,64,Smithhaven,2023-11-06
749,Cody Smith,37,Kimberlybury,2023-02-20
750,Arthur Coffey,59,Leefort,2018-05-08
751,Brittany Campbell,21,Davidsonville,2023-05-16
752,Matthew Williams,43,East Morgan,2022-10-13
753,John Garcia,61,Barretthaven,2019-03-19
754,Leslie Williams,49,New Jennifer,2022-12-22
755,Thomas Rios,22,South Laurieton,2018-11-27
756,Patrick Zamora,38,Lauraton,2024-10-27
757,Deborah Williams,27,Port Kevinborough,2018-09-27
758,Anne Hardy,26,Lopezhaven,2021-01-31
759,Laura Meza,57,Reeseshire,2024-07-25
760,Jimmy Ortega,53,East Lauraside,2021-08-24
761,George Moore,42,Mahoneymouth,2024-09-12
762,Yesenia Kirk,51,Duranchester,2021-04-22
763,Erica Allen,47,South Katie,2023-09-02
764,Dawn Nixon,56,Moyertown,2022-10-29
765,Victoria Larson,24,West Adam,2019-04-14
766,Mrs. Emily Ingram,59,Samanthahaven,2024-03-08
767,Tammy Moore,64,South Michaelberg,2020-05-30
768,Steve Wright,45,Lisaland,2023-01-24
769,Laura Robinson,32,Lake Markfort,2022-08-22
770,Roger Norris,39,New Dawnton,2023-02-01
771,Laura Miller,43,Port Matthewchester,2022-08-31
772,Sean Kane,64,Lake Denise,2019-01-25
773,Alexandra Waters,38,Brownhaven,2022-10-15
774,Joshua Hernandez,38,East Brent,2020-11-10
775,Jenna Griffin,41,East Ryanfurt,2019-09-18
776,George Alvarez,61,New Raymondland,2023-04-27
777,Jeffrey Wolfe,22,South Anita,2019-01-09
778,Matthew Gonzalez DDS,23,East Charles,2019-01-17
779,Erica Glass,45,North Emilychester,2019-01-31
780,Connor Cooper,65,Port Kevinstad,2022-03-07
781,Wanda Ramos,69,South Brady,2019-06-17
782,Christina Brooks,53,North Jodibury,2018-09-03
783,Tammy Melton,55,Alexanderville,2024-04-19
784,John Rivera,53,East Amy,2021-09-12
785,Kimberly Dean,60,Lake Holly,2019-05-16
786,Kevin Alvarado,44,West Georgeport,2021-12-19
787,Michael Nelson,60,Penatown,2022-09-29
788,Matthew Alvarado,64,Michelletown,2018-07-30
789,Stephen Hughes,36,Romeroville,2024-09-25
790,Kari Harper,37,East Jamesmouth,2021-12-11
791,Michelle Williams,24,Matthewfurt,2024-06-25
792,Alicia Sutton,50,Colleenbury,2020-05-21
793,Veronica Hill MD,27,Natashatown,2023-05-30
794,Tiffany Perez,32,Pennyberg,2019-03-20
795,James Yu,40,South John,2024-03-28
796,Wesley Browning,41,Shaneberg,2019-04-16
797,Charles Weaver,66,Port Devin,2021-02-15
798,Stephanie Browning,54,Forbesberg,2020-07-15
799,Krystal Moore,69,New Amandaville,2022-10-24
800,Ryan Thomas,53,Port Lucaschester,2024-12-21
801,Elizabeth Reese,57,Edwinborough,2024-03-30
802,Cody Farmer,19,Catherinebury,2024-10-30
803,Crystal Johnson,60,Lake Kimberlyberg,2020-12-31
804,Lisa Joseph,19,Jackfurt,2020-01-09
805,Chad Lee Jr.,35,West Stephaniebury,2021-06-19
806,Virginia Todd,39,East Saramouth,2021-12-08
807,Katherine Nguyen,18,Claychester,2020-01-14
808,Andrew Moss,27,Cortezfurt,2024-05-08
809,Natalie Wheeler,60,New Danielmouth,2022-06-30
810,Amanda Forbes,22,Terrellton,2019-08-05
811,Kelli Mccoy,65,East Kellyfurt,2018-05-06
812,Patricia Mitchell,23,South Kelly,2023-12-13
813,Melissa Mckee,31,Gallegosmouth,2022-03-21
814,Jonathan White,44,South Robert,2023-02-02
815,Christopher Garza,39,South Christopher,2019-10-07
816,Matthew Dawson,41,Lake Jessica,2021-06-30
817,Michael Walters,64,New Jasminehaven,2021-08-21
818,Caitlin Pierce,67,Port Georgemouth,2024-05-13
819,Mary Hernandez,56,East Kayla,2018-12-14
820,Eric Cross,21,Robertsburgh,2019-09-30
821,Carlos Harris,28,Alexanderfort,2024-12-05
822,Kimberly Smith,21,Youngshire,2018-12-01
823,Jordan Ramos,35,East Nicoleview,2022-12-20
824,Kristin Bryan,60,East Eddiestad,2022-10-03
825,Scott Estrada,49,Markland,2024-10-22
826,Jason Thompson,46,Cherylshire,2022-08-24
827,Cassandra Gibson,35,Sarahland,2020-06-01
828,Erica Merritt,66,Port Ronaldside,2023-09-30
829,John Martinez,25,Markchester,2021-11-14
830,Melissa Salazar,45,New Jessicahaven,2019-03-31
831,Mrs. Melissa Peck,36,Ronaldmouth,2024-08-26
832,Kenneth Hanson,49,New Anna,2023-11-29
833,Lynn Vasquez,60,New Jesse,2021-06-17
834,Cory Wilson,20,Garrettville,2020-06-22
835,Christine Gilbert,43,Gutierrezmouth,2024-09-20
836,Robert Lewis,21,Lake Juan,2018-02-01
837,Elizabeth Hunter,31,Katieville,2021-05-19
838,Gloria Ramsey,31,Port Gregorymouth,2019-07-17
839,Tammy Mendoza,66,Roblesberg,2020-11-12
840,Mr. Steven Herrera,36,Stevenchester,2021-09-05
841,Amy Meyer,25,Angelatown,2018-02-01
842,Michael Marsh,49,Carlberg,2022-10-30
843,Andre Terrell,29,New Catherine,2019-06-14
844,Bruce Patton,42,Janetmouth,2023-12-22
845,Denise Miller,63,West Shannon,2020-07-31
846,Cindy Turner,50,West Kristenborough,2024-04-07
847,Jill Johnson,60,Steinberg,2021-12-21
848,Thomas Oconnor,22,Kimberlyberg,2022-06-15
849,Annette Hendrix,65,East Jenny,2018-06-23
850,Miguel Boyd,45,West Sarahland,2018-03-18
851,Stephen Garcia,47,Andrewport,2018-11-15
852,Christine Gonzalez,38,Joshuamouth,2024-06-16
853,Megan Nelson,45,West Danny,2024-06-06
854,Kristin Garcia,43,Andreaview,2022-09-07
855,Michael Campbell,36,East Charles,2019-04-17
856,Gina Wallace,43,North Thomas,2018-03-27
857,Ashley Brown,38,Myersshire,2019-12-05
858,Melissa Griffin,69,Larryborough,2024-12-06
859,Megan Ferguson,47,Bradleyland,2022-01-22
860,Tamara Mcdonald,23,Collinsmouth,2022-11-24
861,Travis Thomas,24,Robertafurt,2020-09-23
862,Thomas Rivera,45,Shawntown,2024-08-09
863,Brian Mendoza,43,West Katrina,2023-11-17
864,Bethany Garcia,23,West Angelaland,2022-06-10
865,Kim Morales,37,Allenbury,2021-10-22
866,Valerie Reyes,32,Jaredshire,2021-09-26
867,William Bradley,67,Amybury,2019-11-20
868,Michael Stevenson,22,Wilsonmouth,2023-09-22
869,Brent Wallace,58,Stephanieland,2019-04-13
870,Melissa Carlson,51,Murphyton,2023-09-20
871,Robert Clay,30,Port Dwayneberg,2021-12-02
872,Eddie Gilbert,40,Gonzalezmouth,2019-08-28
873,Robert Frazier,33,Robbinsstad,2019-02-26
874,Lauren Carr DDS,27,Port Kelly,2020-11-14
875,Joshua Brown,30,Danielport,2019-12-12
876,Cynthia Park,56,Garrettfurt,2019-09-19
877,Jeffrey Clark,66,South Don,2018-11-05
878,Sarah Ward,29,Mooreberg,2023-07-17
879,Benjamin Smith,47,Barrettberg,2024-04-28
880,Martin Perry,66,Englishchester,2024-07-01
881,Jordan Coleman,46,Cruzbury,2024-05-01
882,Larry Lane,59,Lake Walter,2021-08-16
883,Joshua Richardson,58,New Timothystad,2021-07-18
884,John Vaughn,27,Lake Jessica,2022-12-07
885,Dr. Peggy Marshall,22,New Pamelaland,2023-04-05
886,Mark Alvarado,46,Lake Cynthiashire,2021-05-25
887,Anthony Cooper,68,South Shawnfort,2021-01-30
888,Erin Gomez,55,Keithton,2018-08-19
889,Linda Torres,40,Bryanfort,2023-09-10
890,Laura Douglas,22,Lisatown,2021-06-25
891,Bradley Wagner,47,Johnathanview,2023-01-26
892,David Figueroa,20,New Joanne,2018-08-22
893,Jacqueline Thompson,41,South Henry,2021-03-21
894,Amanda Riggs,22,New Sarah,2019-01-05
895,Jon Chaney,57,Youngmouth,2024-08-30
896,Carol Lane,50,Brianview,2022-04-24
897,Audrey Jackson,47,Alvarezfort,2024-07-05
898,Nicole Patel,53,Vegafurt,2018-06-18
899,Charles Berg,46,West Saramouth,2024-05-30
900,Ethan Moreno,59,North Samanthastad,2020-02-11
901,Jessica Hull,38,Matthewview,2024-10-14
902,Dawn Silva,48,Mejiabury,2023-08-16
903,Leah Lee,27,Ericaburgh,2018-09-11
904,Adam Smith,46,North Roberthaven,2019-02-28
905,Jeremy Robinson,69,Johnathanton,2021-11-07
906,Brandon Mays,63,New Danielle,2018-12-12
907,Barbara Gates,50,South Diana,2019-12-08
908,Kylie Coffey,20,Lake Jackport,2020-10-11
909,Timothy Fowler,63,Kaylamouth,2022-11-29
910,Richard Ramirez,46,South Paulton,2023-11-17
911,Robert Thompson,51,South Tiffanyborough,2024-11-02
912,Cassandra Vasquez,28,New Kayla,2022-01-30
913,Mason Gaines,41,Dakotaland,2021-03-04
914,Nicholas Waters,42,South Eduardotown,2022-08-02
915,Mary Adams,67,Rebeccashire,2021-10-17
916,Michael Wise,61,Grahamland,2024-09-14
917,April Finley,21,Martinezside,2021-10-02
918,Heather Maldonado,22,Brownland,2021-09-12
919,Samuel Peterson,24,Hodgesport,2024-04-04
920,Cassandra Williams,61,Guerreroport,2022-05-03
921,Stephanie Mccoy,36,Tommouth,2020-10-29
922,Brenda Lee,64,South Paul,2024-10-04
923,Maria Porter,27,Levytown,2021-09-27
924,Anthony French,23,South Davidhaven,2024-07-14
925,Michael Sawyer,60,Lake Beth,2019-08-03
926,Amanda Thomas,40,South Rebeccaton,2021-06-24
927,Matthew Smith,59,West Loriville,2022-05-25
928,Christopher Garza,26,North Tylerbury,2024-09-03
929,Dale Rogers,63,Nguyenshire,2018-12-14
930,Erica Oconnell,37,Port Brandon,2024-04-08
931,Arthur Hill,42,Jacksonstad,2021-09-07
932,Jessica Frost,70,East Craigfurt,2019-06-08
933,Alexis Tucker,60,North Harryland,2023-11-27
934,Linda Campbell,23,Schwartzborough,2022-10-01
935,Devin Cole,50,East Cheryl,2022-01-22
936,Christopher Porter,19,Lake Margaretport,2022-01-25
937,Aaron Young,37,New Tiffanystad,2020-01-09
938,Victoria Romero,31,Townsendborough,2021-10-31
939,Cory Hogan,67,Jimenezburgh,2023-06-15
940,Amanda Newman,30,Jasonview,2020-07-16
941,Robert Chang,26,North Joyside,2019-09-27
942,Richard Washington,22,North Pattymouth,2021-04-26
943,Erika Gonzalez,68,Jerryville,2019-02-19
944,Brent Rojas,50,South Patricia,2024-01-20
945,Kevin Brown,65,Thomasmouth,2023-11-27
946,James Ellis,20,Lake Michael,2021-10-11
947,George Johnson,67,West Derekmouth,2024-12-06
948,Christopher Cooper,26,Cassandraburgh,2024-09-12
949,Kristen Hall,42,Vincentfort,2019-09-24
950,Cindy Wells,28,Ramirezchester,2020-01-11
951,Danielle Murphy,62,New Sophia,2019-11-10
952,Stephanie Butler,64,North Vickiehaven,2022-11-28
953,Joseph Mendoza,20,South Tylerland,2022-08-10
954,Alexandria Dennis,41,East Michael,2020-08-30
955,Zachary Smith,46,Evanmouth,2024-11-05
956,Nicole Johnson,36,Fordberg,2023-01-13
957,Jennifer Clarke,32,Courtneytown,2023-12-28
958,Andrea Barry,33,Alyssaport,2021-06-21
959,Derrick Shah,69,Port Gail,2023-04-06
960,Gabriela Randolph,30,Pamelaville,2022-02-15
961,John Williams,61,Gregoryside,2024-05-25
962,Kristina Ayala,46,West John,2023-03-07
963,John Crosby,67,Port Julie,2021-02-28
964,Harold Adams,67,Ramirezland,2022-04-14
965,Jesse Mason,50,South Jenniferside,2023-12-01
966,Jodi Richardson,44,East Patriciamouth,2019-10-26
967,James White,70,North Fredville,2020-03-28
968,Kathleen Golden,69,West Robertside,2024-10-12
969,Kara Fisher,26,West Jaimetown,2020-10-21
970,Crystal Meza,21,Robertmouth,2023-05-23
971,Rachel Tucker,41,Ellisshire,2024-03-21
972,Richard Jackson,24,Jeremystad,2023-10-15
973,Patricia Williams,25,Justinburgh,2021-03-13
974,Caitlyn Nichols,23,East Mary,2019-10-19
975,Mary Hernandez,35,North Blake,2023-01-15
976,Cameron Green,50,East Anna,2019-08-27
977,Evan Cooper,45,Shaneburgh,2019-01-11
978,Barbara Johnson,32,Mackmouth,2023-01-22
979,Brittney Cordova,40,Deborahport,2018-04-20
980,Dylan Raymond,44,Port Annette,2018-08-07
981,Jessica Norris,43,Mcculloughberg,2023-08-19
982,Audrey Johnson,41,South Michael,2020-08-23
983,Lee Lee,42,Port Shari,2018-12-01
984,Alexander Ryan,41,Rhodesland,2020-07-08
985,Jennifer Henry,19,Lake Michaelberg,2021-07-29
986,Jessica Hughes,24,West Michaelport,2021-10-05
987,Shelly Miller,68,Figueroachester,2019-08-22
988,Donna Shaffer,26,Chandlerchester,2018-06-06
989,Kevin Miller,36,West Thomas,2023-04-20
990,Victoria Jones,62,Davischester,2019-07-23
991,Denise Thompson,66,Pageberg,2023-04-06
992,Ronnie Roberts,46,Williamsport,2024-11-25
993,Elizabeth Hansen,18,Walkertown,2018-11-21
994,Eric Davidson,19,Martinezport,2020-11-14
995,John Watts,31,North David,2019-09-05
996,Zachary Jones,53,Biancashire,2024-10-29
997,David Jennings,51,West Williamshire,2022-09-30
998,David Perkins,25,West Steven,2021-03-26
999,Heather Brown,33,Robertstad,2021-05-18
1000,Eddie Fowler,25,New Jamesburgh,2018-07-15
